Article_Category,Article_Title,File_Name
technology,21st-Century Sports: How Digital Technology Is Changing the Face Of The Sporting Industry,article-jan-0418
business,Asian quake hits European shares,article-jan-0027
technology,BT offers free net phone calls,article-jan-0631
business,Barclays shares up on merger talk,article-jan-2105
sport,Barkley fit for match in Ireland,article-jan-3300
sport,Bellamy under new fire,article-jan-4187
sport,Benitez 'to launch Morientes bid',article-jan-1974
sport,Benitez delight after crucial win,article-jan-3666
technology,Big war games battle it out,article-jan-2629
technology,British Library gets wireless net,article-jan-2415
sport,Brizzel to run AAA's in Sheffield,article-jan-4210
business,Bush budget seeks deep cutbacks,article-jan-4789
business,Bush to get 'tough' on deficit,article-jan-3452
technology,Cable offers video-on-demand,article-jan-2428
technology,Cabs collect mountain of mobiles,article-jan-4766
technology,Camera phones are 'must-haves',article-jan-2595
business,Card fraudsters 'targeting web',article-jan-2935
business,Cash gives way to flexible friend,article-jan-0578
technology,Cebit opens to mobile music tune,article-jan-3023
sport,Charvis set to lose fitness bid,article-jan-2356
sport,Chelsea hold Arsenal,article-jan-1023
business,Christmas sales worst since 1981,article-jan-0641
sport,Clijsters set for February return,article-jan-2461
sport,Clyde 0-5 Celtic,article-jan-4541
sport,Coach Ranieri sacked by Valencia,article-jan-1259
technology,Confusion over high-definition TV,article-jan-4007
business,Cuba winds back economic clock,article-jan-4171
technology,DS aims to touch gamers,article-jan-0272
sport,Dawson set for new Wasps contract,article-jan-4894
business,Diageo to buy US wine firm,article-jan-4504
technology,Digital guru floats sub-$100 PC,article-jan-1740
business,EU aiming to fuel development aid,article-jan-2390
sport,England 17-18 France,article-jan-4471
business,Enron bosses in $168m payout,article-jan-3978
business,Euronext 'poised to make LSE bid',article-jan-2209
business,Europe asks Asia for euro help,article-jan-0858
business,Europe blames US over weak dollar,article-jan-3187
business,Fannie Mae 'should restate books',article-jan-1282
technology,Featured: 'Brainwave' cap controls computer,article-jan-3414
technology,Featured: 'Evil twin' fear for wireless net,article-jan-2289
technology,Featured: 'Friends fear' with lost mobiles,article-jan-1899
business,Featured: 'Post-Christmas lull' in lending,article-jan-3686
business,Fed warns of more US rate rises,article-jan-3679
sport,Federer forced to dig deep,article-jan-1469
sport,Ferguson puts faith in youngsters,article-jan-4815
business,GE sees 'excellent' world economy,article-jan-1761
business,GM issues 2005 profits warning,article-jan-4519
technology,Gangsters dominate gaming chart,article-jan-0248
sport,Gardener wins double in Glasgow,article-jan-1280
business,Gazprom 'in $36m back-tax claim',article-jan-0154
business,German growth goes into reverse,article-jan-4182
business,Germany calls for EU reform,article-jan-3155
technology,Go-ahead for new internet names,article-jan-0502
sport,Greek duo cleared in doping case,article-jan-1027
sport,Hansen 'delays return until 2006',article-jan-3810
sport,Henman & Murray claim LTA awards,article-jan-1481
sport,Henman decides to quit Davis Cup,article-jan-2551
technology,Hi-tech posters guide commuters,article-jan-0989
sport,Hodgson shoulders England blame,article-jan-0633
technology,Hollywood to sue net film pirates,article-jan-1566
sport,Holmes secures comeback victory,article-jan-0791
business,House prices suffer festive fall,article-jan-2691
sport,IAAF launches fight against drugs,article-jan-3650
business,India-Pakistan peace boosts trade,article-jan-1867
business,Iraqi voters turn to economic issues,article-jan-2835
sport,Jansen suffers a further setback,article-jan-1079
technology,Latest Opera browser gets vocal,article-jan-4592
business,Laura Ashley chief stepping down,article-jan-4111
technology,Learning to love broadband,article-jan-0599
technology,Mac Mini heralds mini revolution,article-jan-0969
business,Macy's owner buys rival for $11bn,article-jan-2042
business,Madagascar completes currency switch,article-jan-0050
sport,McLeish ready for criticism,article-jan-4860
technology,Mobile games come of age,article-jan-0180
technology,More power to the people says HP,article-jan-1582
sport,Mourinho sends out warning shot,article-jan-4456
sport,Moya suffers shock loss,article-jan-3002
sport,Moyes U-turn on Beattie dismissal,article-jan-2380
sport,Murray returns to Scotland fold,article-jan-3243
business,Mystery surrounds new Yukos owner,article-jan-3151
sport,Off-colour Gardener storms to win,article-jan-2619
business,Oil companies get Russian setback,article-jan-1811
sport,Owen may have to return home,article-jan-3831
sport,Pearce keen on succeeding Keegan,article-jan-4567
technology,Poles play with GameBoy 'blip-pop',article-jan-3938
sport,Premier League probes Cole claims,article-jan-4175
sport,Prodigy Monfils blows away Gaudio,article-jan-0237
technology,Remote control rifle range debuts,article-jan-0924
sport,Robinson ready for difficult task,article-jan-1731
technology,Row brewing over peer-to-peer ads,article-jan-3981
sport,Rusedski angry over supplements,article-jan-2769
business,S Korean lender faces liquidation,article-jan-2140
sport,SFA awaits report over Mikoliunas,article-jan-3329
sport,Safin cool on Wimbledon,article-jan-1087
sport,Safin plays down Wimbledon hopes,article-jan-0480
technology,Satellite mapping aids Darfur relief,article-jan-2591
technology,Search sites get closer to users,article-jan-2407
technology,Security scares spark browser fix,article-jan-1520
business,Senior Fannie Mae bosses resign,article-jan-3036
technology,Solutions to net security fears,article-jan-1051
business,Split-caps pay Â£194m compensation,article-jan-2864
sport,Sports Stock Tips,article-jan-4078
business,Strong quarterly growth for Nike,article-jan-0269
technology,T-Mobile bets on 'pocket office',article-jan-1728
sport,Thanou desperate to make return,article-jan-0976
sport,Thompson says Gerrard should stay,article-jan-3315
sport,Time to get tough on friendlies?,article-jan-3425
technology,US peer-to-peer pirates convicted,article-jan-1296
technology,US top of supercomputing charts,article-jan-4675
business,Venezuela and China sign oil deal,article-jan-3694
business,Weak end-of-year sales hit Next,article-jan-1550
sport,Williams says he will never quit,article-jan-1587
business,Winemaker rejects Foster's offer,article-jan-0587
business,Worldcom boss 'left books alone',article-jan-1650
technology,Xbox 2 may be unveiled in summer,article-jan-0867
technology,Xbox power cable 'fire fear',article-jan-0457
business,Yangtze Electric's profits double,article-jan-2075
business,Yukos loses US bankruptcy battle,article-jan-3244
business,7 business technology trends to watch,article-feb-3392
sport,A November to remember,article-feb-0704
technology,A question of trust and technology,article-feb-0913
business,Ad sales boost Time Warner profit,article-feb-3975
sport,African double in Edinburgh,article-feb-0641
business,Air passengers win new EU rights,article-feb-0608
technology,Anti-spam screensaver scrapped,article-feb-4436
sport,Arsenal through on penalties,article-feb-0930
business,BP surges ahead on high oil price,article-feb-4492
business,Bank holds interest rate at 4.75%,article-feb-4474
business,Bank set to leave rates on hold,article-feb-4340
sport,Bekele sets sights on world mark,article-feb-1116
sport,Bitter Santini hits out at Spurs,article-feb-2873
technology,Blogs take on the mainstream,article-feb-2303
business,Brewers' profits lose their fizz,article-feb-2977
business,Bush to outline 'toughest' budget,article-feb-4547
business,Buyers snap up Jet Airways' shares,article-feb-3154
business,Cairn shares up on new oil find,article-feb-1466
sport,Campbell to extend sprint career,article-feb-3116
sport,Celtic make late bid for Bellamy,article-feb-3641
sport,Charlton 1-2 Liverpool,article-feb-3724
sport,Chepkemei joins Edinburgh line-up,article-feb-1553
business,"Chinese billionaire targets Manchester United shares in new deal, reports suggest",article-feb-0192
sport,Collins calls for Chambers return,article-feb-2830
technology,Commodore finds new lease of life,article-feb-2366
technology,Creator of first Apple Mac dies,article-feb-3261
sport,Cudicini misses Carling Cup final,article-feb-2526
sport,Davenport hits out at Wimbledon,article-feb-3097
sport,Davies favours Gloucester future,article-feb-1454
business,Deutsche Telekom sees mobile gain,article-feb-0258
sport,"Dibaba breaks 5,000m world record",article-feb-4548
sport,Dogged Federer claims Dubai crown,article-feb-0679
business,Dollar hovers around record lows,article-feb-1000
sport,Dundee Utd 4-1 Aberdeen,article-feb-1821
business,EC calls truce in deficit battle,article-feb-4494
business,EU-US seeking deal on air dispute,article-feb-0250
business,Egypt and Israel seal trade deal,article-feb-2382
business,Egypt to sell off state-owned bank,article-feb-4407
sport,El Guerrouj targets cross country,article-feb-3768
sport,FA ready to test out goal bleeper,article-feb-3375
business,FBI agent colludes with analyst,article-feb-2553
technology,Fast moving phone bugs appear,article-feb-2750
sport,Ferguson fears Milan cutting edge,article-feb-0829
sport,Finnan says Irish can win group,article-feb-3941
sport,Fit-again Betsen in France squad,article-feb-1333
business,Five million Germans out of work,article-feb-3708
technology,Format wars could 'confuse users',article-feb-1684
sport,Giggs handed Wales leading role,article-feb-4876
technology,Gritty return for Prince of Persia,article-feb-1493
sport,Hewitt survives Nalbandian epic,article-feb-0113
business,Honda wins China copyright ruling,article-feb-2502
business,India seeks to boost construction,article-feb-2351
business,India's Deccan gets more planes,article-feb-1245
business,Indy buys into India paper,article-feb-2809
business,Intercom raises â¬101m in funding round making it the most valuable Irish tech firm,article-feb-4569
business,Iranian MPs threaten mobile deal,article-feb-4323
business,Irish company hit by Iraqi report,article-feb-3937
sport,Italy aim to rattle England,article-feb-1582
business,Italy to get economic action plan,article-feb-1312
sport,Juninho demand for O'Neill talks,article-feb-2836
sport,Kenyon denies Robben Barca return,article-feb-0505
sport,Kerr frustrated at victory margin,article-feb-3556
sport,Klinsmann issues Lehmann warning,article-feb-4691
business,LSE 'sets date for takeover deal',article-feb-4543
sport,Lewis-Francis eyeing world gold,article-feb-3028
technology,Lifestyle 'governs mobile choice',article-feb-1960
technology,Looks and music to drive mobiles,article-feb-4127
sport,Man Utd through after Exeter test,article-feb-4247
sport,Martinez sees off Vinci challenge,article-feb-2114
technology,Microsoft makes anti-piracy move,article-feb-0571
sport,Middlesbrough 2-2 Charlton,article-feb-0451
sport,Mido makes third apology,article-feb-1201
technology,Millions buy MP3 players in US,article-feb-4578
business,Mixed signals from French economy,article-feb-3474
technology,Mobile picture power in your pocket,article-feb-4987
sport,Moore questions captaincy,article-feb-4718
sport,More Africans for tsunami game,article-feb-2135
sport,Murphy: That was a bruising battle,article-feb-1118
sport,Navratilova hits out at critics,article-feb-4768
sport,O'Driscoll out of Scotland game,article-feb-4017
sport,O'Gara revels in Ireland victory,article-feb-1005
sport,Owen dismisses fresh Real rumours,article-feb-0504
technology,PC ownership to 'double by 2010',article-feb-1308
sport,Paris promise raises Welsh hopes,article-feb-2371
business,Parmalat sues 45 banks over crash,article-feb-3067
technology,Progress on new internet domains,article-feb-1134
business,Qantas considers offshore option,article-feb-1004
sport,Radcliffe tackles marathon tasks,article-feb-0814
sport,Rangers seal Old Firm win,article-feb-4229
sport,Record fails to lift lacklustre meet,article-feb-0630
business,Record year for Chilean copper,article-feb-2030
sport,Republic to face China and Italy,article-feb-1336
sport,Robben sidelined with broken foot,article-feb-3074
technology,Robots learn 'robotiquette' rules,article-feb-1812
technology,Rolling out next generation's net,article-feb-1149
business,Russia WTO talks 'make progress',article-feb-0800
technology,Screensaver tackles spam websites,article-feb-2206
technology,Slim PlayStation triples sales,article-feb-0110
business,Standard Life concern at LSE bid,article-feb-3700
business,"Steel firm 'to cut' 45,000 jobs",article-feb-4539
sport,Stuart joins Norwich from Addicks,article-feb-0707
technology,Sun offers processing by the hour,article-feb-2055
technology,Tech helps disabled speed demons,article-feb-4838
technology,Telewest to challenge Sky Plus,article-feb-2802
sport,Thanou bullish over drugs hearing,article-feb-2640
technology,The Force is strong in Battlefront,article-feb-4399
technology,The gaming world in 2005,article-feb-0406
business,Turkey knocks six zeros off lira,article-feb-2304
business,UK Coal plunges into deeper loss,article-feb-2170
business,US trade gap ballooned in October,article-feb-3783
business,Unilever shake up as profit slips,article-feb-4402
sport,Wales get Williams fitness boost,article-feb-1028
sport,Wales stars need a rest - Ruddock,article-feb-2316
business,Wall Street cool to eBay's profit,article-feb-0243
technology,Warnings about junk mail deluge,article-feb-2017
technology,Web radio takes Spanish rap global,article-feb-2660
sport,Wenger shock at Newcastle dip,article-feb-0224
technology,When invention turns to innovation,article-feb-2955
technology,Who do you think you are?,article-feb-4616
sport,Wilkinson to miss Ireland match,article-feb-0576
business,Winn-Dixie files for bankruptcy,article-feb-0519
business,Yukos sues four firms for $20bn,article-feb-1952
sport,A year to remember for Irish,article-mar-1126
sport,An Irish Athletics Year,article-mar-3331
sport,Arnesen denies rift with Santini,article-mar-3141
business,Asia shares defy post-quake gloom,article-mar-3697
business,Bank payout to Pinochet victims,article-mar-3655
sport,Barcelona title hopes hit by loss,article-mar-2120
business,Bargain calls widen Softbank loss,article-mar-2380
sport,Bayern Munich 3-1 Arsenal,article-mar-1445
sport,Benitez deflects blame from Dudek,article-mar-1627
technology,Blog reading explodes in America,article-mar-0220
technology,Broadband challenges TV viewing,article-mar-1595
technology,Broadband in the UK growing fast,article-mar-4085
sport,Calder fears for Scottish rugby,article-mar-2495
sport,Captains lining up for Aid match,article-mar-4902
sport,Celts savour Grand Slam prospect,article-mar-3484
sport,Chelsea ridiculed over complaint,article-mar-1905
business,China keeps tight rein on credit,article-mar-1702
technology,China net cafe culture crackdown,article-mar-4607
business,China suspends 26 power projects,article-mar-4510
business,Christmas shoppers flock to tills,article-mar-1543
sport,Collins named UK Athletics chief,article-mar-0210
technology,Court mulls file-sharing future,article-mar-1989
business,Crude oil prices back above $50,article-mar-4293
technology,Cyber criminals step up the pace,article-mar-0521
technology,DVD copy protection strengthened,article-mar-3692
business,Deutsche attacks Yukos case,article-mar-2874
sport,Disappointed Scott in solid start,article-mar-3420
business,Durex maker SSL awaits firm bid,article-mar-3360
technology,EA to take on film and TV giants,article-mar-0037
sport,Edu blasts Arsenal,article-mar-2432
technology,Europe backs digital TV lifestyle,article-mar-1244
sport,Farrell saga to drag on - Lindsay,article-mar-1251
business,Featured: 'Golden economic period' to end,article-mar-0183
business,Feta cheese battle reaches court,article-mar-2000
business,Firms pump billions into pensions,article-mar-3083
technology,First look at PlayStation 3 chip,article-mar-3722
business,Ford gains from finance not cars,article-mar-1165
sport,Fuming Robinson blasts officials,article-mar-2123
sport,GB quartet get cross country call,article-mar-3909
technology,Gadget market 'to grow in 2005',article-mar-0579
technology,Gadgets galore on show at fair,article-mar-3023
technology,Games help you 'learn and play',article-mar-0977
business,Gaming firm to sell UK dog tracks,article-mar-4216
business,Germany nears 1990 jobless level,article-mar-2195
sport,Greek pair attend drugs hearing,article-mar-4576
sport,Gronkjaer agrees switch to Madrid,article-mar-2382
technology,Half of UK's mobiles 'go online',article-mar-0012
sport,Hantuchova in Dubai last eight,article-mar-4343
technology,Have hackers recruited your PC?,article-mar-3567
sport,Healey targets England comeback,article-mar-1674
business,High fuel costs hit US airlines,article-mar-3810
business,High fuel prices hit BA's profits,article-mar-3301
technology,Hotspot users gain free net calls,article-mar-2795
business,House prices drop as sales slow,article-mar-3037
business,House prices show slight increase,article-mar-1629
technology,ITunes user sues Apple over iPod,article-mar-0481
business,India widens access to telecoms,article-mar-0388
technology,Iran jails blogger for 14 years,article-mar-1453
business,Irish duo could block Man Utd bid,article-mar-1606
sport,Italy 8-38 Wales,article-mar-1230
sport,Johnson uncertain about Euro bid,article-mar-3153
sport,Kirwan demands Italy consistency,article-mar-0170
business,Liberian economy starts to grow,article-mar-4481
business,Malaysia lifts Islamic bank limit,article-mar-4754
sport,Man Utd stroll to Cup win,article-mar-3612
technology,Man auctions ad space on forehead,article-mar-3927
business,Manufacturing recovery 'slowing',article-mar-4340
business,Markets signal Brazilian recovery,article-mar-1335
sport,Merritt close to indoor 400m mark,article-mar-2040
technology,Microsoft debuts security tools,article-mar-0033
technology,Microsoft releases patches,article-mar-2536
business,Minister hits out at Yukos sale,article-mar-4512
sport,Mirza shocks Kuznetsova,article-mar-4615
sport,Mourinho receives Robson warning,article-mar-4246
sport,Moya emotional after Davis Cup win,article-mar-4861
business,Nasdaq planning $100m share sale,article-mar-4279
sport,Newcastle 2-1 Bolton,article-mar-4599
sport,Newcastle to join Morientes race,article-mar-2276
business,News Corp makes $5.4bn Fox offer,article-mar-1739
business,Nigeria to boost cocoa production,article-mar-4407
technology,Nintendo DS aims to touch gamers,article-mar-3144
business,Novartis hits acquisition trail,article-mar-0182
business,Profits stall at China's Lenovo,article-mar-2488
business,Putin backs state grab for Yukos,article-mar-4584
business,Quiksilver moves for Rossignol,article-mar-4102
sport,Redknapp poised for Saints,article-mar-3792
sport,Robertson out to retain Euro lure,article-mar-0131
technology,Seamen sail into biometric future,article-mar-4398
business,Singapore growth at 8.1% in 2004,article-mar-0463
sport,Slovakia reach Hopman Cup final,article-mar-0029
sport,Sociedad set to rescue Mladenovic,article-mar-4749
technology,Sony wares win innovation award,article-mar-3392
business,Soros group warns of Kazakh close,article-mar-0952
technology,Sport-loving inventors whose tech could change the game,article-mar-1203
sport,Sprinter Walker quits athletics,article-mar-2048
business,Stock market eyes Japan recovery,article-mar-3318
business,Swiss cement firm in buying spree,article-mar-2788
technology,Text message record smashed,article-mar-4562
technology,The pirates with no profit motive,article-mar-0620
business,Tsunami to cost Sri Lanka $1.3bn,article-mar-4001
sport,UK Athletics agrees new kit deal,article-mar-1599
technology,US cyber security chief resigns,article-mar-2785
technology,US hacker breaks into T-Mobile,article-mar-1454
business,US industrial output growth eases,article-mar-1913
business,"US insurer Marsh cuts 2,500 jobs",article-mar-4140
business,US manufacturing expands,article-mar-4357
business,US to rule on Yukos refuge call,article-mar-4898
sport,Van Nistelrooy set to return,article-mar-0550
sport,Vickery upbeat about arm injury,article-mar-2508
technology,Video phones act as dating tools,article-mar-2039
business,Virgin Blue shares plummet 20%,article-mar-4111
sport,Wada will appeal against ruling,article-mar-4582
sport,Wales critical of clumsy Grewcock,article-mar-3651
sport,Wales silent on Grand Slam talk,article-mar-3663
sport,Wenger rules out new keeper,article-mar-4500
sport,Wenger signs new deal,article-mar-1916
business,Axa Sun Life cuts bonus payments,article-apr-1897
technology,BT boosts its broadband packages,article-apr-2967
sport,Bates seals takeover,article-apr-2939
technology,Beckham virus spotted on the net,article-apr-0145
technology,Broadband fuels online expression,article-apr-1938
technology,Broadband in the UK gathers pace,article-apr-1748
business,Burren awarded Egyptian contracts,article-apr-2559
business,Business fears over sluggish EU economy,article-apr-1306
sport,Candela completes Bolton switch,article-apr-2454
business,Cannabis hopes for drug firm,article-apr-0039
sport,Castaignede fires Laporte warning,article-apr-1044
technology,Casual gaming to 'take off',article-apr-2151
sport,Chelsea sack Mutu,article-apr-2808
business,China Aviation seeks rescue deal,article-apr-4324
sport,Classy Henman makes winning start,article-apr-2873
sport,Collins banned in landmark case,article-apr-4741
technology,Concerns over Windows ATMs,article-apr-0433
sport,Connors boost for British tennis,article-apr-4890
business,Crossrail link 'to get go-ahead',article-apr-4575
technology,Cyber crime booms in 2004,article-apr-0228
technology,Disney backs Sony DVD technology,article-apr-4827
business,Dollar slides ahead of New Year,article-apr-1926
business,Economy 'stronger than forecast',article-apr-1571
business,Electrolux to export Europe jobs,article-apr-1904
business,Ethiopia's crop production up 24%,article-apr-3933
sport,FA charges Liverpool and Millwall,article-apr-4960
sport,FA probes crowd trouble,article-apr-4241
technology,Format wars could 'confuse users',article-apr-4901
business,GM in crunch talks on Fiat future,article-apr-0724
technology,Game makers get Xbox 2 sneak peek,article-apr-4907
technology,Gamers could drive high-definition,article-apr-3088
technology,Google launches TV search service,article-apr-0395
sport,Harinordoquy suffers France axe,article-apr-4460
sport,Hearts of Oak 3-2 Cotonsport,article-apr-0524
sport,Hodges announces rugby retirement,article-apr-3536
sport,Holmes feted with further honour,article-apr-4694
technology,Honour for UK games maker,article-apr-3827
sport,Houllier praises Benitez regime,article-apr-2270
technology,Humanoid robot learns how to run,article-apr-0205
sport,Ireland v USA (Sat),article-apr-1858
sport,Isinbayeva heads for Birmingham,article-apr-3390
sport,Israeli club look to Africa,article-apr-3841
technology,Junk e-mails on relentless rise,article-apr-4467
sport,Kluft impressed by Sotherton form,article-apr-3842
business,Latin America sees strong growth,article-apr-3718
business,Libya takes $1bn in unfrozen funds,article-apr-0784
technology,Loyalty cards idea for TV addicts,article-apr-2677
sport,Man City 1-1 Newcastle,article-apr-3475
sport,McCall earns Tannadice reprieve,article-apr-2558
sport,McClaren eyes Uefa Cup top spot,article-apr-2706
sport,McClaren hails Boro's Uefa spirit,article-apr-4921
sport,McIlroy aiming for Madrid title,article-apr-0240
technology,Microsoft makes anti-piracy move,article-apr-2106
technology,Microsoft seeking spyware trojan,article-apr-0622
business,Mild winter drives US oil down 6%,article-apr-4699
technology,Millions to miss out on the net,article-apr-4622
sport,Minister digs in over doping row,article-apr-2061
sport,Mirza makes Indian tennis history,article-apr-0646
business,Mitsubishi in Peugeot link talks,article-apr-4064
technology,Mobile multimedia slow to catch on,article-apr-4854
technology,Mobiles 'not media players yet',article-apr-4446
sport,Morientes admits to Reds struggle,article-apr-0150
sport,Mourinho plots impressive course,article-apr-3146
sport,Mourinho says race is almost over,article-apr-1270
sport,Moya sidesteps Davis Cup in 2005,article-apr-2879
sport,Nadal marches on in Mexico,article-apr-1276
technology,Nintendo adds media playing to DS,article-apr-0061
sport,O'Connell rejects Lions rumours,article-apr-1620
sport,O'Driscoll concern at Fifa ruling,article-apr-2704
business,Oil prices fall back from highs,article-apr-4823
business,Ore costs hit global steel firms,article-apr-0564
sport,Parry relishes Anfield challenge,article-apr-0338
business,Peugeot deal boosts Mitsubishi,article-apr-4399
technology,PlayStation 3 chip to be unveiled,article-apr-4686
technology,Portable PlayStation ready to go,article-apr-2813
sport,Premier League planning Cole date,article-apr-0953
business,Qantas sees profits fly to record,article-apr-2019
sport,Radcliffe yet to answer GB call,article-apr-0042
sport,Redknapp's Saints face Pompey tie,article-apr-4569
sport,Reds sink 10-man Magpies,article-apr-2560
business,Reliance unit loses Anil Ambani,article-apr-1918
technology,Rich pickings for hi-tech thieves,article-apr-0857
sport,Robinson out of Six Nations,article-apr-0028
sport,Rovers reject third Ferguson bid,article-apr-1068
sport,Saint-Andre anger at absent stars,article-apr-4171
business,Salary scandal in Cameroon,article-apr-4618
technology,Slimmer PlayStation triple sales,article-apr-1300
sport,Slovakia seal Hopman Cup success,article-apr-1815
technology,Smart search lets art fans browse,article-apr-3833
sport,Smith keen on Home series return,article-apr-1205
sport,South Africa sweep top awards,article-apr-3471
technology,Speak easy plan for media players,article-apr-4435
technology,Speech takes on search engines,article-apr-0484
business,Tokyo says deflation 'controlled',article-apr-1009
business,Turkey turns on the economic charm,article-apr-0361
business,Turkey-Iran mobile deal 'at risk',article-apr-4474
business,UK 'risks breaking golden rule',article-apr-3423
business,UK firm faces Venezuelan land row,article-apr-3100
technology,UK pioneers digital film network,article-apr-0865
business,US bank in $515m SEC settlement,article-apr-0134
business,US crude prices surge above $53,article-apr-2219
sport,Umaga ready for Lions,article-apr-0182
business,Umbro profits lifted by Euro 2004,article-apr-4228
technology,Virgin Radio offers 3G broadcast,article-apr-3753
technology,Virus poses as Christmas e-mail,article-apr-2040
technology,Voters flock to blog awards site,article-apr-4036
sport,Wales want rugby league training,article-apr-4395
sport,Wales win in Rome,article-apr-4277
technology,Warning over tsunami aid website,article-apr-1102
sport,Wolves appoint Hoddle as manager,article-apr-3992
sport,Wood - Ireland can win Grand Slam,article-apr-3250
business,World leaders gather to face uncertainty,article-apr-4031
sport,Worthington praises classy Villa,article-apr-0896
sport,Yachvili savours France comeback,article-apr-3567
business,Yukos heading back to US courts,article-apr-3586
business,Yukos seeks court action on sale,article-apr-4951
business,Yukos unit fetches $9bn at auction,article-apr-0345
business,Air China in $1bn London listing,article-may-0284
sport,Angry Williams rejects criticism,article-may-3980
business,Apple Inc. Phone Pricing Likely To Trend Lower,article-may-2027
business,Argentina closes $102.6bn debt swap,article-may-2024
business,AstraZeneca hit by drug failure,article-may-2738
sport,Balco case trial date pushed back,article-may-4424
business,Battered dollar hits another low,article-may-2659
sport,Beckham hints at Man Utd return,article-may-4512
sport,Benitez joy as Reds take control,article-may-0131
technology,Blind student 'hears in colour',article-may-2874
technology,Blogger grounded by her airline,article-may-2905
business,Brazil jobless rate hits new low,article-may-1663
technology,Broadband set to revolutionise TV,article-may-1702
technology,Bush website blocked outside US,article-may-4777
business,Business confidence dips in Japan,article-may-2166
business,Businesses fail to plan for HIV,article-may-1662
sport,Campese berates whingeing England,article-may-1837
sport,Cech sets clean-sheet benchmark,article-may-1887
technology,China 'blocks Google news site',article-may-3273
business,China continues rapid growth,article-may-2294
business,Circuit City gets takeover offer,article-may-3257
sport,Claxton hunting first major medal,article-may-2723
technology,Consumer concern over RFID tags,article-may-1549
business,Continental 'may run out of cash',article-may-0149
business,Deadline nears for Fiat-GM deal,article-may-2122
business,Deutsche Boerse set to 'woo' LSE,article-may-4336
technology,Domain system scam fear,article-may-0706
technology,Doors open at biggest gadget fair,article-may-0573
sport,Dunne keen to commit to Man City,article-may-2915
business,EMI shares hit by profit warning,article-may-1785
business,EU to probe Alitalia 'state aid',article-may-1306
sport,England 'to launch ref protest',article-may-2222
sport,Faye plans to stay at Portsmouth,article-may-1674
business,Featured: 'Strong dollar' call halts slide,article-may-3633
sport,Ferguson hails Man Utd's resolve,article-may-3723
sport,Fuming Robinson blasts officials,article-may-2499
business,Further rise in UK jobless total,article-may-2400
technology,Gadget growth fuels eco concerns,article-may-2476
technology,Gadget show heralds MP3 season,article-may-2112
technology,Games win for Blu-ray DVD format,article-may-2581
business,German business confidence slides,article-may-2727
sport,Gerrard future not decided by Cardiff loss,article-may-0713
technology,Halo 2 sells five million copies,article-may-4324
sport,Henin-Hardenne beaten on comeback,article-may-4280
sport,Hewitt falls to Dent in Adelaide,article-may-0143
technology,How to smash a home computer,article-may-2440
sport,Ireland call up uncapped Campbell,article-may-1036
business,Israel looks to US for bank chief,article-may-0966
sport,Keane defiant over Vieira bust-up,article-may-4655
sport,Kenya lift Chepkemei's suspension,article-may-2796
business,Kraft cuts snack ads for children,article-may-0305
business,Lesotho textile workers lose jobs,article-may-2491
sport,Lomu relishing return to action,article-may-2781
business,Lufthansa may sue over Bush visit,article-may-1795
business,MCI shares climb on takeover bid,article-may-0332
business,MG Rover China tie-up 'delayed',article-may-4014
business,Making your office work for you,article-may-4886
sport,McIlroy continues winning streak,article-may-4104
technology,Mobile TV tipped as one to watch,article-may-1112
business,Monsanto fined $1.5m for bribery,article-may-0180
technology,Moving mobile improves golf swing,article-may-1740
sport,Nadal puts Spain 2-0 up,article-may-4133
business,Nasdaq planning $100m-share sale,article-may-0916
technology,New Year's texting breaks record,article-may-3761
technology,New consoles promise big problems,article-may-4517
technology,Nintendo DS makes its Euro debut,article-may-1326
sport,O'Connor aims to grab opportunity,article-may-0373
sport,O'Leary agrees new Villa contract,article-may-4484
sport,O'Sullivan keeps his powder dry,article-may-4229
technology,Online commons to spark debate,article-may-4474
technology,Online games play with politics,article-may-1687
business,Parmalat founder offers apology,article-may-1905
business,Parmalat to return to stockmarket,article-may-2611
technology,Peer-to-peer nets 'here to stay',article-may-4895
business,Pernod takeover talk lifts Domecq,article-may-0016
business,Profits jump at China's top bank,article-may-1238
sport,Prop Jones ready for hard graft,article-may-1947
business,Qatar and Shell in $6bn gas deal,article-may-2512
business,Quake's economic costs emerging,article-may-1598
sport,Real in talks over Gravesen move,article-may-4585
business,Rescue hope for Borussia Dortmund,article-may-4874
sport,Robben and Cole earn Chelsea win,article-may-0488
technology,Robotic pods take on car design,article-may-0292
sport,Roddick in talks over new coach,article-may-3235
business,SEC to rethink post-Enron rules,article-may-1464
technology,Santy worm makes unwelcome visit,article-may-2443
technology,Seamen sail into biometric future,article-may-2260
sport,Serena becomes world number two,article-may-3908
sport,Smith aims to bring back respect,article-may-2514
business,Soaring oil 'hits world economy',article-may-0985
technology,Software watching while you work,article-may-3855
technology,Sony PSP console hits US in March,article-may-0057
sport,TV calls after Carroll error,article-may-0549
technology,TV's future down the phone line,article-may-0738
business,The 'ticking budget' facing the US,article-may-1288
business,Train strike grips Buenos Aires,article-may-2467
technology,UK broadband gets speed injection,article-may-2263
business,US adds more jobs than expected,article-may-0648
business,US economy shows solid GDP growth,article-may-3222
business,US economy still growing says Fed,article-may-1355
business,US in EU tariff chaos trade row,article-may-3184
business,US retail sales surge in December,article-may-2365
business,US trade gap hits record in 2004,article-may-0720
business,Ukraine revisits state sell-offs,article-may-3287
sport,Underdogs have more fun,article-may-2299
business,VW considers opening Indian plant,article-may-0748
business,Wal-Mart to pay $14m in gun suit,article-may-4097
sport,Wasps 31-37 Leicester,article-may-2131
technology,What high-definition will do to DVDs,article-may-3461
technology,Why Cell will get the hard sell,article-may-4326
sport,Wilkinson fit to face Edinburgh,article-may-2814
sport,Wilkinson return 'unlikely',article-may-2271
technology,Yahoo celebrates a decade online,article-may-3619
technology,Yahoo moves into desktop search,article-may-0996
technology,2D Metal Slug offers retro fun,article-jun-1972
technology,Anti-spam laws bite spammer hard,article-jun-1987
technology,Apple laptop is 'greatest gadget',article-jun-0716
technology,Apple makes blogs reveal sources,article-jun-2935
technology,Apple unveils low-cost 'Mac mini',article-jun-4840
business,Arsenal 'may seek full share listing',article-jun-4479
business,BA to suspend two Saudi services,article-jun-1568
business,BMW drives record sales in Asia,article-jun-1579
business,BT offers equal access to rivals,article-jun-3219
sport,Barwick calls for Highbury calm,article-jun-1778
sport,Barwick installed as new FA boss,article-jun-1644
technology,Be careful how you code,article-jun-2609
business,Beer giant swallows Russian firm,article-jun-1346
technology,Blinx sequel purrs nicely,article-jun-3633
business,Bombardier chief to leave company,article-jun-3298
technology,Bond game fails to shake or stir,article-jun-3624
business,Britannia members' Â£42m windfall,article-jun-0532
technology,California sets fines for spyware,article-jun-2071
business,Call to save manufacturing jobs,article-jun-1491
sport,Can Smith work Scottish wonders?,article-jun-1294
technology,Cebit fever takes over Hanover,article-jun-1801
sport,Chelsea clinch cup in extra-time,article-jun-4596
technology,China 'to overtake US net use',article-jun-4483
business,China bans new tobacco factories,article-jun-0384
sport,Davenport dismantles young rival,article-jun-3025
business,Disaster claims 'less than $10bn',article-jun-3207
business,Dollar drops on reserves concerns,article-jun-3422
business,EU 'too slow' on economic reforms,article-jun-3285
sport,English clubs make Euro history,article-jun-1131
business,Ex-Boeing director gets jail term,article-jun-4266
sport,FA decides not to punish Mourinho,article-jun-4362
technology,Fast lifts rise into record books,article-jun-0537
technology,Featured: 'Blog' picked as word of the year,article-jun-1448
technology,Featured: 'Brainwave' cap controls computer,article-jun-4007
technology,Featured: 'Podcasters' look to net money,article-jun-3887
business,Fresh hope after Argentine crisis,article-jun-3406
technology,Gadget market 'to grow in 2005',article-jun-2920
technology,Gates opens biggest gadget fair,article-jun-2699
sport,Gebrselassie in London triple bid,article-jun-0332
sport,Gerrard plays down European hopes,article-jun-4500
business,Giant waves damage S Asia economy,article-jun-1482
business,Giving financial gifts to children,article-jun-0787
business,Golden rule boost for Chancellor,article-jun-2022
sport,Henman hopes ended in Dubai,article-jun-3687
technology,Hitachi unveils 'fastest robot',article-jun-3700
technology,Hotspot users gain free net calls,article-jun-3528
business,"How Manchester United, Knicks Wins Correlate With Stock Gains",article-jun-2557
business,Hyundai to build new India plant,article-jun-2381
business,Industrial revival hope for Japan,article-jun-1633
business,Insurance bosses plead guilty,article-jun-4342
business,Iraq and Afghanistan in WTO talks,article-jun-4535
sport,Ireland surge past Scots,article-jun-1155
sport,Italy 17-28 Ireland,article-jun-0553
business,JP Morgan admits US slavery links,article-jun-1387
sport,Keegan hails comeback king Fowler,article-jun-2401
technology,Kenyan school turns to handhelds,article-jun-4329
technology,Long life promised for laptop PCs,article-jun-1532
business,M&S cuts prices by average of 24%,article-jun-1434
business,MCI shareholder sues to stop bid,article-jun-2521
business,Market unfazed by Aurora setback,article-jun-2097
technology,Microsoft takes on desktop search,article-jun-2226
business,Millions 'to lose textile jobs',article-jun-4453
technology,Mobile networks seek turbo boost,article-jun-4509
technology,Mobiles 'not media players yet',article-jun-2467
technology,Mobiles double up as bus tickets,article-jun-1038
technology,Mobiles rack up 20 years of use,article-jun-2420
sport,Mourinho takes swipe at Arsenal,article-jun-4994
sport,Mourinho to escape FA charge,article-jun-3434
technology,Net regulation 'still possible',article-jun-4410
technology,New delay hits EU software laws,article-jun-0925
business,Newest EU members underpin growth,article-jun-1788
sport,No lack of Christmas spirit,article-jun-0749
sport,O'Driscoll/Gregan lead Aid stars,article-jun-4657
business,Optimism remains over UK housing,article-jun-2787
business,Orange colour clash set for court,article-jun-2319
sport,Owen delighted with Real display,article-jun-1141
technology,Pandas benefit from wireless net,article-jun-4805
technology,Parents face video game lessons,article-jun-0101
sport,Petit career ended by knee injury,article-jun-4636
sport,Plymouth 3-0 Sheff Utd,article-jun-1885
sport,Preview: Ireland v England (Sun),article-jun-1112
sport,Prinz beats Hamm to Fifa trophy,article-jun-4470
business,Profits slide at India's Dr Reddy,article-jun-3966
sport,Prutton poised for lengthy FA ban,article-jun-1668
technology,Rivals of the Â£400 Apple...,article-jun-1940
sport,Robinson answers critics,article-jun-0693
sport,Rochus shocks Coria in Auckland,article-jun-0583
business,"Rover deal 'may cost 2,000 jobs'",article-jun-4042
sport,Running around the Olympics,article-jun-1150
business,SA unveils 'more for all' budget,article-jun-0829
business,SBC plans post-takeover job cuts,article-jun-4361
business,Safety alert as GM recalls cars,article-jun-2660
business,Saudi ministry to employ women,article-jun-3293
technology,Savvy searchers fail to spot ads,article-jun-4523
business,Shares hit by MS drug suspension,article-jun-2536
business,Slowdown hits US factory growth,article-jun-0684
technology,Spam e-mails tempt net shoppers,article-jun-3126
technology,Text messages aid disaster recovery,article-jun-1396
sport,The wonder of Ronaldinho,article-jun-3380
technology,The year search became personal,article-jun-3599
sport,Tomlinson stays focused on Europe,article-jun-0780
business,US bank boss hails 'genius' Smith,article-jun-0505
business,US consumer confidence up,article-jun-2320
business,US trade deficit widens sharply,article-jun-3360
sport,Uefa threat over foreign quotas,article-jun-1094
business,Ukraine steel sell-off 'illegal',article-jun-2505
business,Ukraine trims privatisation check,article-jun-2405
sport,Venus stunned by Farina Elia,article-jun-4106
sport,Video technology will not make football a mistake-free sport,article-jun-0039
technology,Warning over Windows Word files,article-jun-2519
business,Weak dollar trims Cadbury profits,article-jun-1446
technology,Web helps collect aid donations,article-jun-1293
sport,Wenger handed summer war chest,article-jun-4259
technology,When technology gets personal,article-jun-4520
technology,A decade of good website design,article-jul-1745
sport,Agassi fear for Melbourne,article-jul-0465
business,Ailing EuroDisney vows turnaround,article-jul-4512
sport,Ajax refuse to rule out Jol move,article-jul-2758
sport,Anelka apologises for criticism,article-jul-4068
technology,Apple attacked over sources row,article-jul-1257
technology,Apple iPod family expands market,article-jul-2965
technology,Argonaut founder rebuilds empire,article-jul-2977
sport,Arsenal 1-1 Sheff Utd,article-jul-0794
business,Asia shares defy post-quake gloom,article-jul-0495
business,Aviation firms eye booming India,article-jul-2215
technology,BT program to beat dialler scams,article-jul-4187
business,Bat spit drug firm goes to market,article-jul-3607
sport,Bees handed potential Man Utd tie,article-jul-3406
sport,Blackburn v Burnley,article-jul-4480
business,Boeing unveils new 777 aircraft,article-jul-4575
sport,Breaking news: US company admits Benin bribery,article-jul-2829
technology,Broadband in the UK growing fast,article-jul-4356
sport,Bryan twins keep US hopes alive,article-jul-3487
business,Building giant in asbestos payout,article-jul-3941
technology,California sets fines for spyware,article-jul-4527
business,Call to overhaul UK state pension,article-jul-3516
sport,Campbell to be Lions consultant,article-jul-0165
sport,Cantona issues Man Utd job hint,article-jul-2340
business,Chinese exports rise 25% in 2004,article-jul-4614
sport,Clijsters could play Aussie Open,article-jul-2009
sport,Corry backs skipper Robinson,article-jul-2742
technology,DVD copy protection strengthened,article-jul-3010
sport,Dallaglio his own man to the end,article-jul-4101
sport,Dawson wins England squad recall,article-jul-2708
sport,Dementieva prevails in Hong Kong,article-jul-4268
technology,Disney backs Sony DVD technology,article-jul-4019
sport,Dominici backs lacklustre France,article-jul-1748
technology,Dublin hi-tech labs to shut down,article-jul-1249
business,Ebbers denies WorldCom fraud,article-jul-4170
sport,England coach faces rap after row,article-jul-2162
business,European losses hit GM's profits,article-jul-0339
sport,Fifa agrees goal-line technology,article-jul-2286
technology,Freeze on anti-spam campaign,article-jul-2988
business,French boss to leave EADS,article-jul-4021
business,German economy rebounds,article-jul-4373
business,Glazer makes new Man Utd approach,article-jul-4895
technology,Google to scan famous libraries,article-jul-4326
sport,Greek sprinters 'won't run again',article-jul-0662
sport,Greek sprinters suspended by IAAF,article-jul-2558
sport,Gunners clock up winning record,article-jul-3455
technology,Halo 2 heralds traffic explosion,article-jul-4969
sport,Henson stakes early Lions claim,article-jul-3422
sport,Hewitt fights back to reach final,article-jul-1711
sport,Holmes is hit by hamstring injury,article-jul-2063
technology,IBM frees 500 software patents,article-jul-2960
business,India's Reliance family feud heats up,article-jul-4915
business,India's rupee hits five-year high,article-jul-4812
technology,Ink helps drive democracy in Asia,article-jul-3520
sport,Irish finish with home game,article-jul-0643
business,J&J agrees $25bn Guidant deal,article-jul-3273
sport,Johansson takes Adelaide victory,article-jul-3870
sport,Jones doping probe begins,article-jul-0803
sport,Kenteris denies faking road crash,article-jul-4157
business,Khodorkovsky quits Yukos shares,article-jul-0297
technology,Latest Opera browser gets vocal,article-jul-4908
sport,Legendary Dutch boss Michels dies,article-jul-1013
sport,Lions blow to World Cup stars,article-jul-4496
sport,Liverpool revel in night of glory,article-jul-3168
business,Man Utd to open books to Glazer,article-jul-4242
sport,Man Utd urged to seal Giggs deal,article-jul-2527
sport,Melzer shocks Agassi in San Jose,article-jul-1760
technology,Microsoft debuts security tools,article-jul-4400
technology,Millions buy MP3 players in US,article-jul-4827
technology,Mobile multimedia slow to catch on,article-jul-4341
technology,Mobiles get set for visual radio,article-jul-3525
technology,Mobiles rack up 20 years of use,article-jul-2544
sport,Molby says Gravesen is Real deal,article-jul-0637
technology,More power to the people says HP,article-jul-4798
technology,Musicians 'upbeat' about the net,article-jul-2909
business,News Corp eyes video games market,article-jul-2815
technology,No half measures with Half-Life 2,article-jul-4628
sport,Parmar ruled out of Davis Cup tie,article-jul-1361
sport,Philippoussis doubt over Open bid,article-jul-0597
technology,Pompeii gets digital make-over,article-jul-2241
business,Q&A: Malcolm Glazer and Man Utd,article-jul-1728
sport,Radcliffe eyes hard line on drugs,article-jul-1219
sport,Real will finish abandoned match,article-jul-4829
sport,Ref stands by Scotland decisions,article-jul-1320
sport,Robinson wants dual code success,article-jul-2463
sport,Roche 'turns down Federer offer',article-jul-3438
sport,Roddick splits from coach Gilbert,article-jul-4719
sport,Ronaldinho denies Blues interest,article-jul-3289
business,S Korea spending boost to economy,article-jul-2439
business,S Korean consumers spending again,article-jul-3943
business,Saudi investor picks up the Savoy,article-jul-3331
sport,Sella wants Michalak recall,article-jul-3957
business,Share boost for feud-hit Reliance,article-jul-0733
business,Shares rise on new Man Utd offer,article-jul-0168
technology,Sony PSP tipped as a 'must-have',article-jul-2667
sport,Souness eyes summer move for Owen,article-jul-4244
technology,Souped-up wi-fi is on the horizon,article-jul-0334
business,South African car demand surges,article-jul-0645
sport,Stam spices up Man Utd encounter,article-jul-3380
sport,Tapping-up row is so much hot air,article-jul-0019
technology,Technology gets the creative bug,article-jul-4790
technology,Technology in rugby: GPS systems continue to grow in importance,article-jul-4384
sport,Tindall aiming to earn Lions spot,article-jul-3522
sport,Tindall wants second opinion,article-jul-1717
business,Tsunami 'to hit Sri Lanka banks',article-jul-1112
business,UK economy facing 'major risks',article-jul-0202
business,US Ahold suppliers face charges,article-jul-1885
business,US data sparks inflation worries,article-jul-3830
business,US interest rate rise expected,article-jul-0931
technology,US peer-to-peer pirates convicted,article-jul-1059
sport,"Umaga ready for ""fearsome"" Lions",article-jul-3879
technology,Virus poses as Christmas e-mail,article-jul-4233
business,Wal-Mart fights back at accusers,article-jul-0417
sport,Wales coach elated with win,article-jul-3332
business,Warning over US pensions deficit,article-jul-0589
technology,Web photo storage market hots up,article-jul-4193
technology,Web radio takes Spanish rap global,article-jul-0503
sport,Wenger keeping faith with Almunia,article-jul-1350
sport,Wenger steps up row,article-jul-1729
sport,What now for British tennis?,article-jul-4500
sport,White admits to Balco drugs link,article-jul-3874
technology,World tour for top video gamers,article-jul-2168
business,$1m payoff for former Shell boss,article-aug-3515
technology,Anti-tremor mouse stops PC shakes,article-aug-1123
technology,Apple unveils low-cost 'Mac mini',article-aug-4475
business,"Argentina, Venezuela in oil deal",article-aug-3384
sport,Argentine great Caniggia retires,article-aug-4019
business,Banker loses sexism claim,article-aug-0806
business,Beijingers fume over parking fees,article-aug-4964
sport,Bell set for England debut,article-aug-4265
sport,Benitez issues warning to Gerrard,article-aug-3926
sport,Blackburn 0-1 Chelsea,article-aug-4614
business,Brazil plays down Varig rescue,article-aug-2567
technology,Britons fed up with net service,article-aug-4701
technology,Broadband takes on TV viewing,article-aug-0893
business,Brussels raps mobile call charges,article-aug-4668
sport,Butler strikes gold in Spain,article-aug-1637
sport,Chelsea denied by James heroics,article-aug-0324
business,China had role in Yukos split-up,article-aug-0908
sport,Clijsters hope on Aussie Open,article-aug-1443
sport,Costin aims for comeback in 2006,article-aug-3079
business,DaimlerChrysler's 2004 sales rise,article-aug-0896
sport,Dal Maso in to replace Bergamasco,article-aug-4896
sport,Davenport hits out at Wimbledon,article-aug-3579
sport,Dein concerned by Chelsea stance,article-aug-4658
business,Deutsche Boerse boosts dividend,article-aug-2737
business,EU ministers to mull jet fuel tax,article-aug-1784
business,Euronext joins bid battle for LSE,article-aug-2063
technology,Featured: 'No re-draft' for EU patent law,article-aug-1532
technology,Featured: 'Ultimate game' award for Doom 3,article-aug-0644
business,Fed chief warning on US deficit,article-aug-3247
sport,Ferguson rues failure to cut gap,article-aug-2464
business,GM pays $2bn to evade Fiat buyout,article-aug-2142
business,GSK aims to stop Aids profiteers,article-aug-1157
technology,GTA sequel is criminally good,article-aug-2119
technology,"Gamer buys $26,500 virtual land",article-aug-3859
technology,Google's toolbar sparks concern,article-aug-1614
sport,Greene sets sights on world title,article-aug-3206
sport,Henman to face Saulnier test,article-aug-3335
sport,Holmes back on form in Birmingham,article-aug-2889
business,Home loan approvals rising again,article-aug-0763
business,Huge rush for Jet Airways shares,article-aug-0648
technology,IBM puts cash behind Linux push,article-aug-1226
business,India unveils anti-poverty budget,article-aug-2762
sport,Injury doubts beset Wales squad,article-aug-0319
technology,"Intercom Are Doubling Their Product Teams In SF, Dublin & London",article-aug-3240
sport,Ireland 19-13 England,article-aug-1817
sport,Ireland win eclipses refereeing 'errors',article-aug-0781
business,Japan economy slides to recession,article-aug-4887
business,Japan's ageing workforce: built to last,article-aug-4692
business,Japanese growth grinds to a halt,article-aug-0685
business,Jobs go at Oracle after takeover,article-aug-1101
business,Jobs growth still slow in the US,article-aug-1823
sport,Johnson accuses British sprinters,article-aug-3199
business,LSE doubts boost bidders' shares,article-aug-0176
technology,Lasers help bridge network gaps,article-aug-1452
sport,Lewis-Francis turns to Christie,article-aug-3112
sport,Man City 0-2 Man Utd,article-aug-0373
sport,Man Utd women's team to be axed,article-aug-4936
business,Markets fall on weak dollar fears,article-aug-1558
business,Marsh executive in guilty plea,article-aug-3754
business,McDonald's boss Bell dies aged 44,article-aug-2783
sport,McIlroy wins 800m indoor title,article-aug-4587
business,Mexican in US send $16bn home,article-aug-3962
technology,Microsoft launches its own search,article-aug-0665
technology,Microsoft releases bumper patches,article-aug-3312
technology,Microsoft sets sights on spyware,article-aug-2549
business,Mixed Christmas for US retailers,article-aug-4009
business,Mixed reaction to Man Utd offer,article-aug-2180
sport,Murray to make Cup history,article-aug-3857
technology,Musical future for phones,article-aug-3877
technology,Net fingerprints combat attacks,article-aug-3101
technology,New browser wins over net surfers,article-aug-3408
business,News Corp eyes video games market,article-aug-3126
business,No seasonal lift for house market,article-aug-2688
sport,O'Sullivan quick to hail Italians,article-aug-2601
business,Online News poll indicates economic gloom,article-aug-1976
business,Parmalat boasts doubled profits,article-aug-4015
technology,PlayStation 3 processor unveiled,article-aug-4910
technology,Podcasts mark rise of DIY radio,article-aug-1990
business,Police detain Chinese milk bosses,article-aug-3360
sport,Poll explains free-kick decision,article-aug-3213
sport,Radcliffe proves doubters wrong,article-aug-3564
sport,Radcliffe will compete in London,article-aug-4998
sport,Roddick into San Jose final,article-aug-0801
sport,Ruddock backs Yapp's credentials,article-aug-4456
business,S&N extends Indian beer venture,article-aug-4931
sport,SA return to Mauritius,article-aug-4232
sport,Safin slumps to shock Dubai loss,article-aug-1046
business,Sales 'fail to boost High Street',article-aug-3940
sport,Santini resigns as Spurs manager,article-aug-4740
sport,Serena ends Sania Mirza's dream,article-aug-2812
technology,Set your television to wow,article-aug-0633
business,Small firms 'hit by rising costs',article-aug-3280
sport,Souness delight at Euro progress,article-aug-4746
sport,Stars shine for tsunami benefit,article-aug-4220
sport,Strachan turns down Pompey,article-aug-1720
business,Strong demand triggers oil rally,article-aug-1390
sport,Sydney to host north v south game,article-aug-2437
business,Telegraph newspapers axe 90 jobs,article-aug-1486
business,UK bank seals South Korean deal,article-aug-2512
business,UK homes hit Â£3.3 trillion total,article-aug-1933
business,US Airways staff agree to pay cut,article-aug-1337
business,US budget deficit to reach $368bn,article-aug-4172
business,US interest rates increased to 2%,article-aug-3301
technology,US woman sues over ink cartridges,article-aug-2517
sport,Uganda FA suspended,article-aug-4672
business,Ukraine strikes Turkmen gas deal,article-aug-0800
technology,Video phone help for deaf people,article-aug-0840
technology,Viewers to be able to shape TV,article-aug-4831
sport,WRU proposes season overhaul,article-aug-2563
business,Watchdog probes Vivendi bond sale,article-aug-4625
business,Weak data buffets French economy,article-aug-1797
sport,White prepared for battle,article-aug-2487
sport,Williams stays on despite dispute,article-aug-0053
business,Wipro beats forecasts once again,article-aug-1767
business,WorldCom bosses' $54m payout,article-aug-3362
sport,Young debut cut short by Ginepri,article-aug-1146
sport,Adriano's Chelsea link rejected,article-sep-1375
business,Alfa Romeos 'to get GM engines',article-sep-3874
business,Amex shares up on spin-off news,article-sep-0096
technology,Apple attacked over sources row,article-sep-3814
sport,Aragones angered by racism fine,article-sep-4619
business,Asian banks halt dollar's slide,article-sep-3639
technology,Attack prompts Bush site block,article-sep-4996
sport,Beckham relief as Real go through,article-sep-3370
sport,Beckham's chat reigns in Spain,article-sep-0503
sport,Blatter suggests offside change,article-sep-4426
sport,Bomb threat at Bernabeu stadium,article-sep-1785
sport,Bristol City 2-1 Milton Keynes,article-sep-3918
business,Cairn Energy in Indian gas find,article-sep-0401
sport,Campbell lifts lid on United feud,article-sep-2816
technology,Can Yahoo dominate next decade?,article-sep-3016
business,Cars pull down US retail figures,article-sep-2767
sport,Chelsea 3-0 Portsmouth,article-sep-4852
sport,Chepkemei hit by big ban,article-sep-1803
business,Chinese dam firm 'defies Beijing',article-sep-0386
technology,Concern over RFID tags,article-sep-3587
sport,Davenport puts retirement on hold,article-sep-1349
business,Dollar hits new low versus euro,article-sep-3570
technology,Domain system opens door to scams,article-sep-4970
business,"Dutch bank to lay off 2,850 staff",article-sep-0920
sport,Edgy Agassi struggles past Dent,article-sep-4665
sport,Edwards tips Idowu for Euro gold,article-sep-3053
business,Electronics firms eye plasma deal,article-sep-4093
sport,England claim Dubai Sevens glory,article-sep-1145
sport,England's defensive crisis grows,article-sep-3077
business,Ericsson sees earnings improve,article-sep-2562
business,FAO warns on impact of subsidies,article-sep-4352
sport,Faultless Federer has no equal,article-sep-2859
sport,Fear will help France - Laporte,article-sep-3900
technology,Featured: 'No re-draft' for EU patent law,article-sep-3760
sport,Ferguson urges Henry punishment,article-sep-2440
sport,Ferrero eyes return to top form,article-sep-2872
business,Fiat chief takes steering wheel,article-sep-4414
technology,Football Manager scores big time,article-sep-4877
technology,Freeze on anti-spam campaign,article-sep-3592
business,French suitor holds LSE meeting,article-sep-0022
sport,Funding cut hits Wales Students,article-sep-0232
technology,Gadget show heralds MP3 Christmas,article-sep-1748
technology,Games firms 'face tough future',article-sep-4345
business,Georgia plans hidden asset pardon,article-sep-1443
business,German jobless rate at new record,article-sep-4275
sport,Gerrard happy at Anfield,article-sep-0555
business,Go-ahead for Balkan oil pipeline,article-sep-4613
business,Golden rule 'intact' says ex-aide,article-sep-2949
sport,Henman overcomes rival Rusedski,article-sep-3287
sport,Henry tipped for Fifa award,article-sep-4860
sport,Highbury tunnel players in clear,article-sep-3046
sport,Holmes urged to compete at Worlds,article-sep-4890
technology,How to make a gigapixel picture,article-sep-3678
sport,IAAF awaits Greek pair's response,article-sep-3602
business,ID theft surge hits US consumers,article-sep-4876
business,India and Russia in energy talks,article-sep-4207
business,Indonesia 'declines debt freeze',article-sep-1238
technology,Intel unveils laser breakthrough,article-sep-4867
business,Iran budget seeks state sell-offs,article-sep-0823
business,Iraq to invite phone licence bids,article-sep-0254
sport,Ireland 17-12 South Africa,article-sep-3264
sport,Ireland 21-19 Argentina,article-sep-2587
business,Jarvis sells Tube stake to Spain,article-sep-4095
business,Krispy Kreme shares hit,article-sep-1406
sport,Kuznetsova 'failed a drugs test',article-sep-2272
sport,Laporte tinkers with team,article-sep-0584
sport,Lions blow to World Cup winners,article-sep-4404
technology,Local net TV takes off in Austria,article-sep-1405
technology,Losing yourself in online gaming,article-sep-2520
technology,Media gadgets get moving,article-sep-4936
technology,Mobile gaming takes off in India,article-sep-1696
technology,More movies head to Sony's PSP,article-sep-3711
technology,More women turn to net security,article-sep-3745
sport,Mourinho expects fight to finish,article-sep-0082
sport,Moya clinches Cup for Spain,article-sep-3128
sport,Newcastle 27-27 Gloucester,article-sep-4623
sport,O'Driscoll saves Irish blushes,article-sep-0592
sport,O'Sullivan could run in Worlds,article-sep-1313
sport,Old Firm pair handed suspensions,article-sep-1672
technology,Online News leads interactive Bafta wins,article-sep-0863
business,Palestinian economy in decline,article-sep-1411
technology,Putting a face to 'Big Brother',article-sep-3583
business,Rich grab half Colombia poor fund,article-sep-2426
business,Russia gets investment blessing,article-sep-3558
business,Saab to build Cadillacs in Sweden,article-sep-1539
technology,Security warning over 'FBI virus',article-sep-3347
sport,Spain coach faces racism inquiry,article-sep-2082
technology,Spam e-mails tempt net shoppers,article-sep-4027
technology,Sporting rivals go to extra time,article-sep-4329
business,Standard Life cuts policy bonuses,article-sep-4851
business,Stormy year for property insurers,article-sep-1519
technology,Swap offer for pirated Windows XP,article-sep-1782
sport,Sydney return for Henin-Hardenne,article-sep-4130
business,Takeover rumour lifts Exel shares,article-sep-2601
sport,Tanzania gets Fifa backing,article-sep-0226
technology,Technology hijacked sports,article-sep-2914
technology,Tough rules for ringtone sellers,article-sep-0174
sport,Trial date is set for Balco case,article-sep-4443
business,UK house prices dip in November,article-sep-0063
business,UK interest rates held at 4.75%,article-sep-4940
business,Venezuela identifies 'idle' farms,article-sep-2528
sport,Verdict delay for Greek sprinters,article-sep-4107
business,Verizon 'seals takeover of MCI',article-sep-2374
business,Vodafone appoints new Japan boss,article-sep-3813
business,WMC says Xstrata bid is too low,article-sep-2892
technology,Warnings on woeful wi-fi security,article-sep-0388
business,Wembley firm won't make a profit,article-sep-3414
business,Will Manchester United plc Short Squeeze Soon,article-sep-2293
business,Worldcom director ends evidence,article-sep-1752
sport,Yeading face Newcastle in FA Cup,article-sep-2040
business,Yukos owner sues Russia for $28bn,article-sep-0237
business,Yukos unit buyer faces loan claim,article-sep-2517
sport,A need to limit foreign numbers,article-oct-3861
technology,Apple iPod family expands market,article-oct-0443
technology,Apple sues 'Tiger' file sharers,article-oct-0777
technology,Apple sues to stop product leaks,article-oct-1914
sport,Athens memories soar above lows,article-oct-2035
technology,Ban hits Half-Life 2 pirates hard,article-oct-0709
sport,Bath faced with Tindall ultimatum,article-oct-1226
sport,Bellamy fined after row,article-oct-0945
business,Brazil approves bankruptcy reform,article-oct-1295
sport,Britain boosted by Holmes double,article-oct-4199
technology,Britons fed up with net service,article-oct-0924
business,Cactus diet deal for Phytopharm,article-oct-3880
business,Call centre users 'lose patience',article-oct-3790
sport,Call for Kenteris to be cleared,article-oct-3326
technology,Call for action on internet scam,article-oct-1924
technology,Camera phones are 'must-haves',article-oct-3040
business,China's Shanda buys stake in Sina,article-oct-1787
technology,Chip maker backs net phone calls,article-oct-2701
sport,Cole refuses to blame van Persie,article-oct-2317
sport,Collins appeals against drugs ban,article-oct-0300
business,Consumers drive French economy,article-oct-4879
sport,Crusaders 2-3 Ballymena United,article-oct-0163
sport,Desailly backs Blues revenge trip,article-oct-4089
technology,Digital guru floats sub-$100 PC,article-oct-4812
technology,Doors open at biggest gadget fair,article-oct-4850
sport,Double injury blow strikes Wales,article-oct-3470
technology,EU software patent law faces axe,article-oct-4758
business,Ebbers 'aware' of WorldCom fraud,article-oct-2145
sport,England given tough Sevens draw,article-oct-3548
technology,Europe backs digital TV lifestyle,article-oct-3256
business,Executive trio leave Aer Lingus,article-oct-4836
sport,FA Cup losing its sheen,article-oct-2748
technology,Fast moving phone viruses appear,article-oct-0832
business,Featured: 'Standoff' on Deutsche's LSE bid,article-oct-2828
technology,Featured: 'Ultimate game' award for Doom 3,article-oct-0817
sport,Federer joins all-time greats,article-oct-2348
sport,Formula 1: US-Qatari investors 'to bid for sport',article-oct-1261
business,Fosters buys stake in winemaker,article-oct-0898
business,French consumer spending rising,article-oct-1441
technology,Games 'deserve a place in class',article-oct-0064
sport,Gatlin and Hayes win Owen awards,article-oct-2801
business,German bidder in talks with LSE,article-oct-2209
technology,Global blogger action day called,article-oct-2955
sport,Greece defy the odds at Euro 2004,article-oct-3459
sport,Greek pair set for hearing,article-oct-4140
technology,Halo fans' hope for sequel,article-oct-4990
business,Hariri killing hits Beirut shares,article-oct-3207
sport,Hodgson relishes European clashes,article-oct-0844
sport,Hong Kong in 2011 World Cup bid,article-oct-2177
sport,IAAF will contest Greek decision,article-oct-3103
technology,IBM puts cash behind Linux push,article-oct-4815
business,IMF agrees fresh Turkey funding,article-oct-4038
business,India and Iran in gas export deal,article-oct-1049
business,India power shares jump on debut,article-oct-1011
business,India's Deccan seals $1.8bn deal,article-oct-0417
business,Indian oil firm eyes Yukos assets,article-oct-3162
business,Israeli economy picking up pace,article-oct-0421
business,Japan bank shares up on link talk,article-oct-2333
business,Japanese mogul arrested for fraud,article-oct-4803
sport,Kewell waits as injury drags on,article-oct-1193
business,Khodorkovsky ally denies charges,article-oct-4546
sport,Leeds v Saracens (Fri),article-oct-0057
sport,Liverpool pledge to keep Gerrard,article-oct-4981
sport,Llewellyn plans Wales retirement,article-oct-4914
business,Lloyd's of London head chides FSA,article-oct-1753
sport,Mauresmo opens with victory in LA,article-oct-2102
business,Metlife buys up Citigroup insurer,article-oct-2774
technology,Microsoft seeking spyware trojan,article-oct-4605
technology,Mobile audio enters new dimension,article-oct-3910
technology,Mobile networks seek turbo boost,article-oct-2454
technology,Movie body targets children's PCs,article-oct-0059
technology,Napster offers rented music to go,article-oct-0992
technology,New business technology trends,article-oct-2740
sport,Nike defends under-fire football,article-oct-2886
technology,Nintendo handheld given Euro date,article-oct-4166
business,Nissan names successor to Ghosn,article-oct-2188
technology,Nuclear body seeks new tech,article-oct-4084
business,Oil prices reach three-month low,article-oct-2574
technology,Open source leaders slam patents,article-oct-3663
sport,Owen determined to stay in Madrid,article-oct-2181
sport,Owen set for skipper role,article-oct-0999
technology,Peer-to-peer nets 'here to stay',article-oct-2121
business,Pension hitch for long-living men,article-oct-2094
sport,Radcliffe enjoys winning comeback,article-oct-2301
technology,Reboot ordered for EU patent law,article-oct-0815
sport,Relay squad thrilled with honours,article-oct-3222
sport,Reyes tricked into Real admission,article-oct-4804
technology,Rings of steel combat net attacks,article-oct-1215
sport,Rivals back anti-racism campaign,article-oct-2080
business,Ryanair in $4bn Boeing plane deal,article-oct-0412
sport,SA supports Fifa control,article-oct-3387
sport,Safin relieved at Aussie recovery,article-oct-3524
sport,Scotland 18-10 Italy,article-oct-0580
sport,Sculthorpe wants Lions captaincy,article-oct-0746
business,Sluggish economy hits German jobs,article-oct-1921
sport,Souness backs Smith for Scotland,article-oct-0382
technology,Speak easy plan for media players,article-oct-1007
business,Steady job growth continues in US,article-oct-3749
technology,Sun offers processing by the hour,article-oct-3029
technology,Supercomputer breaks speed record,article-oct-0721
technology,TV future in the hands of viewers,article-oct-0108
business,Tate & Lyle boss bags top award,article-oct-3547
sport,Taylor poised for Scotland return,article-oct-0113
sport,Tevez - an Argentine in Brazil,article-oct-0512
technology,Tough rules for ringtone sellers,article-oct-1276
business,Tsunami cost hits Jakarta shares,article-oct-0911
business,Two Nigerian banks set to merge,article-oct-2527
technology,UK net users leading TV downloads,article-oct-0621
business,US bank 'loses' customer details,article-oct-1756
technology,US duo in first spam conviction,article-oct-3563
business,US firm pulls out of Iraq,article-oct-3862
business,US gives foreign firms extra time,article-oct-2448
business,US prepares for hybrid onslaught,article-oct-1751
sport,Van Nistelrooy hungry for return,article-oct-1516
business,WMC profits up amid bid criticism,article-oct-3160
technology,Web logs aid disaster recovery,article-oct-0660
sport,Wenger offers Mutu hope,article-oct-2835
sport,What now for Kelly Holmes?,article-oct-4649
sport,"Why technology in sport poses a threat to keeping the game fair, safe and affordable",article-oct-3920
sport,Williams battles to Aussie title,article-oct-2293
business,WorldCom director admits lying,article-oct-2189
business,Yukos bankruptcy 'not US matter',article-oct-4749
sport,All Black magic: New Zealand rugby,article-nov-3410
sport,Anelka 'eyes Man City departure',article-nov-3432
technology,Apple Mac mini gets warm welcome,article-nov-3526
technology,Apple laptop is 'greatest gadget',article-nov-1412
business,Asia quake increases poverty risk,article-nov-2347
technology,Ask Jeeves joins web log market,article-nov-2329
business,Australia rates at four year high,article-nov-0186
business,BMW reveals new models pipeline,article-nov-0386
business,BMW to recall faulty diesel cars,article-nov-1815
business,Ban on forced retirement under 65,article-nov-3071
business,Bank opts to leave rates on hold,article-nov-3512
business,Bank voted 8-1 for no rate change,article-nov-3037
business,Barclays profits hit record level,article-nov-4414
sport,Beckham rules out management move,article-nov-4953
business,Boeing secures giant Japan order,article-nov-2298
sport,Bookies pay out on Spurs 'goal',article-nov-3205
business,Booming markets shed few tears,article-nov-0449
sport,Borders 19-20 Ulster,article-nov-4384
sport,Bortolami predicts dour contest,article-nov-4904
sport,Brentford v Southampton,article-nov-3590
sport,Bridge could miss rest of season,article-nov-3584
technology,Britons growing 'digitally obese',article-nov-4254
technology,Broadband fuels online change,article-nov-2334
business,Budget Aston takes on Porsche,article-nov-2909
sport,Campbell rescues Arsenal,article-nov-3579
business,Car giant hit by Mercedes slump,article-nov-2737
sport,Celtic unhappy over Bulgaria date,article-nov-4176
sport,Collins to compete in Birmingham,article-nov-1674
technology,Computer grid to help the world,article-nov-1801
sport,Connors' rallying cry for British tennis,article-nov-4606
technology,Consumers 'snub portable video',article-nov-2647
business,Court rejects $280bn tobacco case,article-nov-3091
business,Criminal probe on Citigroup deals,article-nov-2546
sport,Dawson joins England injury list,article-nov-4461
sport,Desailly backs Blues revenge trip,article-nov-2714
technology,Digital UK driven by net and TV,article-nov-2130
business,Disney settles disclosure charges,article-nov-3500
sport,Downing injury mars Uefa victory,article-nov-1451
sport,Duff ruled out of Barcelona clash,article-nov-0372
business,ECB holds rates amid growth fears,article-nov-4242
technology,EU software patent law delayed,article-nov-2953
business,Fiat mulls Ferrari market listing,article-nov-1329
technology,Finding new homes for old phones,article-nov-2527
technology,Firefox browser takes on Microsoft,article-nov-3879
technology,France starts digital terrestrial,article-nov-4060
business,G7 backs Africa debt relief plan,article-nov-3626
sport,GB select Holmes for double bid,article-nov-3702
business,"GM, Ford cut output as sales fall",article-nov-0130
sport,Gallas sees two-horse race,article-nov-4260
technology,Games enter the classroom,article-nov-3907
sport,Gardener battles to narrow win,article-nov-0746
business,Gold falls on IMF sale concerns,article-nov-0232
business,Green reports shun supply chain,article-nov-1428
technology,Half-Life 2 sweeps Bafta awards,article-nov-1085
sport,Hearts 2-1 Livingston,article-nov-1407
sport,Hingis to make unexpected return,article-nov-3342
sport,Hitzlsperger waiting on O'Leary,article-nov-4180
technology,How to make a greener computer,article-nov-1466
sport,IAAF to rule on Greek sprint pair,article-nov-4049
business,IMF 'cuts' German growth estimate,article-nov-4897
business,Indonesians face fuel price rise,article-nov-0748
technology,Internet boom for gift shopping,article-nov-1277
sport,Iranian misses Israel match,article-nov-0580
business,Japanese banking battle at an end,article-nov-3296
sport,Johnson announces June retirement,article-nov-4356
sport,Johnson edges out rival Sotherton,article-nov-3617
sport,Jol joy at 'professional' Cup win,article-nov-1260
sport,Jones files Conte lawsuit,article-nov-0628
technology,Junk e-mails on relentless rise,article-nov-0654
business,Karachi stocks hit historic high,article-nov-0518
technology,Kenyan school turns to handhelds,article-nov-2968
technology,Looks and music to drive mobiles,article-nov-3867
business,McDonald's to sponsor MTV show,article-nov-0420
sport,Mexicans tracking unhappy Juninho,article-nov-4250
technology,Microsoft gets the blogging bug,article-nov-4495
business,Millions go missing at China bank,article-nov-2769
technology,Mobile music challenges 'iPod age',article-nov-1623
sport,Moody joins up with England,article-nov-4572
sport,Mourinho defiant on Chelsea form,article-nov-1118
technology,Movie body hits peer-to-peer nets,article-nov-4319
sport,Moya emotional at Davis Cup win,article-nov-0662
sport,Newry to fight cup exit in courts,article-nov-0319
technology,Norway upholds 'Napster' ruling,article-nov-1730
technology,Online News web search aids odd queries,article-nov-4517
technology,PC photo printers challenge pros,article-nov-1386
sport,Palace threat over Cantona masks,article-nov-3935
business,Parmalat bank barred from suing,article-nov-0317
sport,Pennant guilty of wasting talent,article-nov-0906
sport,Player burn-out worries Robinson,article-nov-2832
business,Qwest may spark MCI bidding war,article-nov-1255
business,Rank 'set to sell off film unit',article-nov-4235
sport,Reaction from Spanish press,article-nov-2326
business,Retail sales show festive fervour,article-nov-1637
sport,Roddick to face Saulnier in final,article-nov-0761
sport,Rush future at Chester uncertain,article-nov-4428
business,Russian oil merger excludes Yukos,article-nov-4174
business,S Korean credit card firm rescued,article-nov-2399
sport,Scrum-half Williams rejoins Bath,article-nov-2282
technology,Smartphones suffer Skulls attack,article-nov-1288
technology,Software watching while you work,article-nov-3650
sport,Sports Direct investors veto Â£11m payout to Ashley's brother,article-nov-0435
business,Survey confirms property slowdown,article-nov-1149
sport,Tartan Army given safety pledge,article-nov-0147
sport,Teenager Tait picked for England,article-nov-1264
technology,Text message record smashed again,article-nov-2018
sport,Thomas out of Six Nations,article-nov-2115
business,Tobacco giants hail court ruling,article-nov-4659
technology,Toxic web links help virus spread,article-nov-2397
business,Tsunami slows Sri Lanka's growth,article-nov-1341
business,UK young top Euro earnings league,article-nov-3574
technology,US duo in first spam conviction,article-nov-2226
business,US regulator to rule on pain drug,article-nov-0560
technology,US state acts to stop 'spammers',article-nov-4374
business,US to probe airline travel chaos,article-nov-0575
sport,Wales hails new superstar,article-nov-1388
business,Wall Street cheers Bush victory,article-nov-3587
technology,What price for 'trusted PC security'?,article-nov-0584
sport,Wilkinson to lead England,article-nov-4426
technology,Windows worm travels with Tetris,article-nov-2469
business,Winter freeze keeps oil above $50,article-nov-1794
business,Worldcom ex-boss launches defence,article-nov-1348
sport,2004 - A year to remember,article-dec-0244
business,Absa and Barclays talks continue,article-dec-0895
technology,Ask Jeeves joins web log market,article-dec-4490
business,Ask Jeeves tips online ad revival,article-dec-0891
business,BMW cash to fuel Mini production,article-dec-0672
technology,Bad e-mail habits sustains spam,article-dec-3487
business,Bad weather hits Nestle sales,article-dec-0478
sport,Barbarians 19-47 New Zealand,article-dec-2633
sport,Big guns ease through in San Jose,article-dec-4269
sport,Blues slam Blackburn over Savage,article-dec-1656
business,Borussia Dortmund near bust,article-dec-3628
business,Brazil buy boosts Belgium's Inbev,article-dec-2267
technology,Broadband soars in 2004,article-dec-4194
technology,China 'ripe' for media explosion,article-dec-2360
business,China continues breakneck growth,article-dec-2956
business,Chinese wine tempts Italy's Illva,article-dec-4469
business,Consumer spending lifts US growth,article-dec-2115
business,Could Yukos be a blessing in disguise?,article-dec-0625
sport,Cup holders Man Utd visit Everton,article-dec-2771
sport,D'Arcy injury adds to Ireland woe,article-dec-0788
sport,Dallaglio eyeing Lions tour place,article-dec-1911
business,Delta cuts fares in survival plan,article-dec-3413
business,Dollar gains on Greenspan speech,article-dec-0038
technology,Dozens held over ID fraud site,article-dec-0035
business,Economy 'strong' in election year,article-dec-4444
sport,Edu describes tunnel fracas,article-dec-4307
sport,European medal chances improve,article-dec-4450
sport,Federer breezes into semi-finals,article-dec-3044
sport,Federer claims Dubai crown,article-dec-3401
sport,Ferdinand casts doubt over Glazer,article-dec-1775
technology,File-swappers ready new network,article-dec-2589
business,France Telecom gets Orange boost,article-dec-3264
technology,Game firm holds 'cast' auditions,article-dec-0784
technology,Games maker fights for survival,article-dec-2635
technology,Games win for Blu-ray DVD format,article-dec-3589
technology,Gizmondo gadget hits the shelves,article-dec-3518
business,Glaxo aims high after profit fall,article-dec-0473
technology,Global digital divide 'narrowing',article-dec-2110
business,Google shares fall as staff sell,article-dec-2790
sport,Hamm bows out for US,article-dec-0180
sport,Harinordoquy suffers France axe,article-dec-3784
sport,Hewitt overcomes wobble in Sydney,article-dec-3423
technology,Hollywood campaign hits websites,article-dec-4596
business,House prices rebound says Halifax,article-dec-1585
business,India calls for fair trade rules,article-dec-2351
business,India opens skies to competition,article-dec-2624
business,Industrial output falls in Japan,article-dec-1865
business,Irish markets reach all-time high,article-dec-0232
business,Japan narrowly escapes recession,article-dec-4377
business,Japan turns to beer alternatives,article-dec-4926
technology,Joke e-mail virus tricks users,article-dec-1263
sport,Jones files lawsuit against Conte,article-dec-1718
sport,Jones happy with Henson heroics,article-dec-2008
sport,Jones medals 'must go if guilty',article-dec-4999
sport,Lewsey puzzle over disallowed try,article-dec-3411
technology,Lifestyle 'governs mobile choice',article-dec-2288
sport,Linesman defends disallowed goal,article-dec-1460
sport,London Irish 19-33 Wasps,article-dec-3392
sport,Melzer shocks Agassi,article-dec-0393
technology,Microsoft plans 'safer ID' system,article-dec-1629
technology,Millions to miss out on the net,article-dec-1156
technology,Mobile games come of age,article-dec-0557
technology,Mobile gig aims to rock 3G,article-dec-4844
sport,Moya fights back for Indian title,article-dec-3260
technology,Multi-purpose TV aids India,article-dec-1963
sport,Munster Cup tie switched to Spain,article-dec-3608
business,Nortel in $300m profit revision,article-dec-4161
sport,Officials respond in court row,article-dec-0910
business,Oil rebounds from weather effect,article-dec-4820
sport,Parry firm over Gerrard,article-dec-2402
sport,Parry puts Gerrard 'above money',article-dec-1135
technology,Piero gives rugby perspective,article-dec-0909
technology,Players sought for $1m prize,article-dec-4678
sport,QPR keeper Day heads for Preston,article-dec-0712
business,Renault boss hails 'great year',article-dec-0481
technology,Report: Benitez delight after crucial win,article-dec-3993
technology,Rings of steel combat net attacks,article-dec-3175
business,Saudi NCCI's shares soar,article-dec-3052
technology,Savvy searchers fail to spot ads,article-dec-3186
sport,Scots suffer another injury blow,article-dec-0204
technology,Search wars hit desktop PCs,article-dec-4675
technology,Security warning over 'FBI virus',article-dec-2813
technology,Slow start to speedy net services,article-dec-3030
technology,Sony PSP handheld console hits US,article-dec-3403
technology,Sony PSP tipped as a 'must-have',article-dec-2445
sport,Stevens named in England line-up,article-dec-4353
technology,T-Mobile bets on 'pocket office',article-dec-2117
business,Takeover offer for Sunderland FC,article-dec-3966
technology,The future in your pocket,article-dec-1690
sport,The gloves are off,article-dec-3207
sport,Tigers wary of Farrell 'gamble',article-dec-2963
business,Troubled Marsh under SEC scrutiny,article-dec-2023
technology,UK gets official virus alert site,article-dec-2397
technology,US blogger fired by her airline,article-dec-3903
business,US company admits Benin bribery,article-dec-3692
business,US seeks new $280bn smoker ruling,article-dec-0367
technology,US woman sues over cartridges,article-dec-3169
sport,Uefa approves fake grass,article-dec-0271
sport,Unclear future for striker Baros,article-dec-4210
business,Venezuela reviews foreign deals,article-dec-0983
sport,Vickery out of Six Nations,article-dec-3570
sport,Wales make two changes for France,article-dec-2331
technology,Warning over tsunami aid website,article-dec-3694
business,Weak dollar hits Online News,article-dec-1576
sport,Wenger dejected as Arsenal slump,article-dec-4918
technology,What high-definition will do to DVDs,article-dec-2759
technology,What's next for next-gen consoles?,article-dec-4347
business,Why few targets are better than many,article-dec-3179
technology,Wi-fi web reaches farmers in Peru,article-dec-1456
sport,Woodward eyes Brennan for Lions,article-dec-2238
business,WorldCom trial starts in New York,article-dec-2334
business,Yukos accused of lying to court,article-dec-2095
business,Yukos drops banks from court bid,article-dec-1351
sport,Zambia confident and cautious,article-dec-0068
